From,To,Sent At,Message,Direction,inviterProfileUrl,inviteeProfileUrl
Priya Okafor,Sam Rivera,"4/2/19, 12:00 AM","Enjoyed your talk, would love to connect.",INCOMING,https://www.linkedin.com/in/priya-okafor-demo,https://www.linkedin.com/in/sam-rivera-demo
Sam Rivera,Jordan Lindqvist,"7/30/26, 12:00 AM","Hi, I just applied for the CS Lead role and wanted to put a face to the name.",OUTGOING,https://www.linkedin.com/in/sam-rivera-demo,https://www.linkedin.com/in/jordan-lindqvist-demo
Sam Rivera,Marcus Nakamura,"7/28/26, 12:00 AM","Hi, I just applied for the CS Lead role and wanted to put a face to the name.",OUTGOING,https://www.linkedin.com/in/sam-rivera-demo,https://www.linkedin.com/in/marcus-nakamura-demo
Sam Rivera,Aisha Haddad,"6/5/24, 12:00 AM",,OUTGOING,https://www.linkedin.com/in/sam-rivera-demo,https://www.linkedin.com/in/aisha-haddad-demo
Sam Rivera,Ingrid Sorensen,"8/2/26, 12:00 AM","Hi, I just applied for the CS Lead role and wanted to put a face to the name.",OUTGOING,https://www.linkedin.com/in/sam-rivera-demo,https://www.linkedin.com/in/ingrid-sorensen-demo
Sam Rivera,Hana Kowalski,"10/1/20, 12:00 AM",,OUTGOING,https://www.linkedin.com/in/sam-rivera-demo,https://www.linkedin.com/in/hana-kowalski-demo
Sam Rivera,Wesley Marchetti,"8/7/19, 12:00 AM",,OUTGOING,https://www.linkedin.com/in/sam-rivera-demo,https://www.linkedin.com/in/wesley-marchetti-demo
Farah Osei,Sam Rivera,"1/8/24, 12:00 AM","Enjoyed your talk, would love to connect.",INCOMING,https://www.linkedin.com/in/farah-osei-demo,https://www.linkedin.com/in/sam-rivera-demo
Sam Rivera,Wren Quintero,"7/17/21, 12:00 AM","Hi, I just applied for the CS Lead role and wanted to put a face to the name.",OUTGOING,https://www.linkedin.com/in/sam-rivera-demo,https://www.linkedin.com/in/wren-quintero-demo
Sam Rivera,Owen Sallow,"1/13/19, 12:00 AM",,OUTGOING,https://www.linkedin.com/in/sam-rivera-demo,https://www.linkedin.com/in/owen-sallow-demo
Sam Rivera,Sloane Kowalski,"10/4/23, 12:00 AM",,OUTGOING,https://www.linkedin.com/in/sam-rivera-demo,https://www.linkedin.com/in/sloane-kowalski-demo
Sam Rivera,Anika Nakamura,"7/2/21, 12:00 AM",,OUTGOING,https://www.linkedin.com/in/sam-rivera-demo,https://www.linkedin.com/in/anika-nakamura-demo
Sam Rivera,Nadia Lockhart,"9/17/21, 12:00 AM","Hi, I just applied for the CS Lead role and wanted to put a face to the name.",OUTGOING,https://www.linkedin.com/in/sam-rivera-demo,https://www.linkedin.com/in/nadia-lockhart-demo
Sam Rivera,Nadia Sallow,"7/4/22, 12:00 AM","Hi, I just applied for the CS Lead role and wanted to put a face to the name.",OUTGOING,https://www.linkedin.com/in/sam-rivera-demo,https://www.linkedin.com/in/nadia-sallow-demo
Sam Rivera,Leila Lockhart,"12/12/23, 12:00 AM",,OUTGOING,https://www.linkedin.com/in/sam-rivera-demo,https://www.linkedin.com/in/leila-lockhart-demo
Hana Nakamura,Sam Rivera,"11/4/24, 12:00 AM","Enjoyed your talk, would love to connect.",INCOMING,https://www.linkedin.com/in/hana-nakamura-demo,https://www.linkedin.com/in/sam-rivera-demo
Kofi Okafor,Sam Rivera,"12/3/19, 12:00 AM",,INCOMING,https://www.linkedin.com/in/kofi-okafor-demo,https://www.linkedin.com/in/sam-rivera-demo
Sam Rivera,Petra Quintero,"2/15/25, 12:00 AM",,OUTGOING,https://www.linkedin.com/in/sam-rivera-demo,https://www.linkedin.com/in/petra-quintero-demo
Sam Rivera,Rowan Abernathy,"12/14/18, 12:00 AM","Hi, I just applied for the CS Lead role and wanted to put a face to the name.",OUTGOING,https://www.linkedin.com/in/sam-rivera-demo,https://www.linkedin.com/in/rowan-abernathy-demo
Iris Lindqvist,Sam Rivera,"11/25/18, 12:00 AM",,INCOMING,https://www.linkedin.com/in/iris-lindqvist-demo,https://www.linkedin.com/in/sam-rivera-demo
Sam Rivera,Greta Castellano,"6/3/19, 12:00 AM",,OUTGOING,https://www.linkedin.com/in/sam-rivera-demo,https://www.linkedin.com/in/greta-castellano-demo
Leo Nakamura,Sam Rivera,"8/4/21, 12:00 AM",,INCOMING,https://www.linkedin.com/in/leo-nakamura-demo,https://www.linkedin.com/in/sam-rivera-demo
Priya Quintero,Sam Rivera,"7/5/20, 12:00 AM",,INCOMING,https://www.linkedin.com/in/priya-quintero-demo,https://www.linkedin.com/in/sam-rivera-demo
Lucia Abernathy,Sam Rivera,"10/1/25, 12:00 AM","Enjoyed your talk, would love to connect.",INCOMING,https://www.linkedin.com/in/lucia-abernathy-demo,https://www.linkedin.com/in/sam-rivera-demo
Sam Rivera,Dev Adeyemi,"10/12/19, 12:00 AM",,OUTGOING,https://www.linkedin.com/in/sam-rivera-demo,https://www.linkedin.com/in/dev-adeyemi-demo
Sam Rivera,Lucia Ferreira,"3/29/25, 12:00 AM",,OUTGOING,https://www.linkedin.com/in/sam-rivera-demo,https://www.linkedin.com/in/lucia-ferreira-demo
Sam Rivera,Zara Ferreira,"1/14/23, 12:00 AM",,OUTGOING,https://www.linkedin.com/in/sam-rivera-demo,https://www.linkedin.com/in/zara-ferreira-demo
Sam Rivera,Noah Eriksen,"7/25/23, 12:00 AM",,OUTGOING,https://www.linkedin.com/in/sam-rivera-demo,https://www.linkedin.com/in/noah-eriksen-demo
Sam Rivera,Felix Grimaldi,"9/18/24, 12:00 AM",,OUTGOING,https://www.linkedin.com/in/sam-rivera-demo,https://www.linkedin.com/in/felix-grimaldi-demo
Sanaa Okafor,Sam Rivera,"8/11/20, 12:00 AM",,INCOMING,https://www.linkedin.com/in/sanaa-okafor-demo,https://www.linkedin.com/in/sam-rivera-demo
Sam Rivera,Otto Halvorsen,"8/13/20, 12:00 AM",,OUTGOING,https://www.linkedin.com/in/sam-rivera-demo,https://www.linkedin.com/in/otto-halvorsen-demo
Sam Rivera,Yuki Moreau,"9/21/18, 12:00 AM",,OUTGOING,https://www.linkedin.com/in/sam-rivera-demo,https://www.linkedin.com/in/yuki-moreau-demo
Rafael Iyer,Sam Rivera,"8/26/24, 12:00 AM",,INCOMING,https://www.linkedin.com/in/rafael-iyer-demo,https://www.linkedin.com/in/sam-rivera-demo
Sam Rivera,Rowan Marchetti,"1/10/24, 12:00 AM",,OUTGOING,https://www.linkedin.com/in/sam-rivera-demo,https://www.linkedin.com/in/rowan-marchetti-demo
Sam Rivera,Sofia Grimaldi,"12/26/23, 12:00 AM",,OUTGOING,https://www.linkedin.com/in/sam-rivera-demo,https://www.linkedin.com/in/sofia-grimaldi-demo
Sam Rivera,Leo Iyer,"7/18/22, 12:00 AM",,OUTGOING,https://www.linkedin.com/in/sam-rivera-demo,https://www.linkedin.com/in/leo-iyer-demo
Sam Rivera,Jordan Novak,"3/29/21, 12:00 AM",,OUTGOING,https://www.linkedin.com/in/sam-rivera-demo,https://www.linkedin.com/in/jordan-novak-demo
Ravi Osei,Sam Rivera,"8/19/25, 12:00 AM",,INCOMING,https://www.linkedin.com/in/ravi-osei-demo,https://www.linkedin.com/in/sam-rivera-demo
Kofi Castellano,Sam Rivera,"4/3/21, 12:00 AM",,INCOMING,https://www.linkedin.com/in/kofi-castellano-demo,https://www.linkedin.com/in/sam-rivera-demo
Priya Ferreira,Sam Rivera,"9/1/22, 12:00 AM",,INCOMING,https://www.linkedin.com/in/priya-ferreira-demo,https://www.linkedin.com/in/sam-rivera-demo
Wren Nakamura,Sam Rivera,"3/9/25, 12:00 AM","Enjoyed your talk, would love to connect.",INCOMING,https://www.linkedin.com/in/wren-nakamura-demo,https://www.linkedin.com/in/sam-rivera-demo
Felix Lockhart,Sam Rivera,"9/2/21, 12:00 AM","Enjoyed your talk, would love to connect.",INCOMING,https://www.linkedin.com/in/felix-lockhart-demo,https://www.linkedin.com/in/sam-rivera-demo
Sam Rivera,Greta Delgado,"8/3/25, 12:00 AM","Hi, I just applied for the CS Lead role and wanted to put a face to the name.",OUTGOING,https://www.linkedin.com/in/sam-rivera-demo,https://www.linkedin.com/in/greta-delgado-demo
Sam Rivera,Mila Lockhart,"3/6/19, 12:00 AM",,OUTGOING,https://www.linkedin.com/in/sam-rivera-demo,https://www.linkedin.com/in/mila-lockhart-demo
Sam Rivera,Hana Abernathy,"3/17/21, 12:00 AM",,OUTGOING,https://www.linkedin.com/in/sam-rivera-demo,https://www.linkedin.com/in/hana-abernathy-demo
Sam Rivera,Ezra Duarte,"10/14/24, 12:00 AM","Hi, I just applied for the CS Lead role and wanted to put a face to the name.",OUTGOING,https://www.linkedin.com/in/sam-rivera-demo,https://www.linkedin.com/in/ezra-duarte-demo
Talia Halvorsen,Sam Rivera,"4/15/26, 12:00 AM","Enjoyed your talk, would love to connect.",INCOMING,https://www.linkedin.com/in/talia-halvorsen-demo,https://www.linkedin.com/in/sam-rivera-demo
Sam Rivera,Ravi Moreau,"8/16/20, 12:00 AM",,OUTGOING,https://www.linkedin.com/in/sam-rivera-demo,https://www.linkedin.com/in/ravi-moreau-demo
Sam Rivera,Iris Duarte,"9/3/21, 12:00 AM",,OUTGOING,https://www.linkedin.com/in/sam-rivera-demo,https://www.linkedin.com/in/iris-duarte-demo
Jonas Petrov,Sam Rivera,"11/9/25, 12:00 AM",,INCOMING,https://www.linkedin.com/in/jonas-petrov-demo,https://www.linkedin.com/in/sam-rivera-demo
Theo Lockhart,Sam Rivera,"2/9/19, 12:00 AM","Enjoyed your talk, would love to connect.",INCOMING,https://www.linkedin.com/in/theo-lockhart-demo,https://www.linkedin.com/in/sam-rivera-demo
Sanaa Iyer,Sam Rivera,"8/9/21, 12:00 AM",,INCOMING,https://www.linkedin.com/in/sanaa-iyer-demo,https://www.linkedin.com/in/sam-rivera-demo
Sam Rivera,Sloane Haddad,"6/30/26, 12:00 AM",,OUTGOING,https://www.linkedin.com/in/sam-rivera-demo,https://www.linkedin.com/in/sloane-haddad-demo
Petra Eriksen,Sam Rivera,"4/18/20, 12:00 AM",,INCOMING,https://www.linkedin.com/in/petra-eriksen-demo,https://www.linkedin.com/in/sam-rivera-demo
Sam Rivera,Sloane Castellano,"11/22/25, 12:00 AM",,OUTGOING,https://www.linkedin.com/in/sam-rivera-demo,https://www.linkedin.com/in/sloane-castellano-demo
Sofia Brennan,Sam Rivera,"1/24/26, 12:00 AM","Enjoyed your talk, would love to connect.",INCOMING,https://www.linkedin.com/in/sofia-brennan-demo,https://www.linkedin.com/in/sam-rivera-demo
Sam Rivera,Rowan Delgado,"3/22/26, 12:00 AM",,OUTGOING,https://www.linkedin.com/in/sam-rivera-demo,https://www.linkedin.com/in/rowan-delgado-demo
Bram Lockhart,Sam Rivera,"7/22/21, 12:00 AM",,INCOMING,https://www.linkedin.com/in/bram-lockhart-demo,https://www.linkedin.com/in/sam-rivera-demo
Callum Abernathy,Sam Rivera,"9/25/19, 12:00 AM",,INCOMING,https://www.linkedin.com/in/callum-abernathy-demo,https://www.linkedin.com/in/sam-rivera-demo
Sam Rivera,Otto Adeyemi,"10/30/20, 12:00 AM",,OUTGOING,https://www.linkedin.com/in/sam-rivera-demo,https://www.linkedin.com/in/otto-adeyemi-demo
Sam Rivera,Otto Iyer,"4/5/20, 12:00 AM",,OUTGOING,https://www.linkedin.com/in/sam-rivera-demo,https://www.linkedin.com/in/otto-iyer-demo
Mateo Whitfield,Sam Rivera,"3/3/25, 12:00 AM",,INCOMING,https://www.linkedin.com/in/mateo-whitfield-demo,https://www.linkedin.com/in/sam-rivera-demo
Callum Nakamura,Sam Rivera,"10/31/23, 12:00 AM",,INCOMING,https://www.linkedin.com/in/callum-nakamura-demo,https://www.linkedin.com/in/sam-rivera-demo
Ingrid Lockhart,Sam Rivera,"10/21/24, 12:00 AM",,INCOMING,https://www.linkedin.com/in/ingrid-lockhart-demo,https://www.linkedin.com/in/sam-rivera-demo
Sam Rivera,Nia Moreau,"6/8/22, 12:00 AM",,OUTGOING,https://www.linkedin.com/in/sam-rivera-demo,https://www.linkedin.com/in/nia-moreau-demo
Hana Adeyemi,Sam Rivera,"4/17/21, 12:00 AM","Enjoyed your talk, would love to connect.",INCOMING,https://www.linkedin.com/in/hana-adeyemi-demo,https://www.linkedin.com/in/sam-rivera-demo
Sam Rivera,Noah Vance,"9/18/24, 12:00 AM",,OUTGOING,https://www.linkedin.com/in/sam-rivera-demo,https://www.linkedin.com/in/noah-vance-demo
Sam Rivera,Mateo Sallow,"3/25/22, 12:00 AM",,OUTGOING,https://www.linkedin.com/in/sam-rivera-demo,https://www.linkedin.com/in/mateo-sallow-demo
Sam Rivera,Nadia Bakshi,"10/19/21, 12:00 AM","Hi, I just applied for the CS Lead role and wanted to put a face to the name.",OUTGOING,https://www.linkedin.com/in/sam-rivera-demo,https://www.linkedin.com/in/nadia-bakshi-demo
Leila Grimaldi,Sam Rivera,"12/27/21, 12:00 AM",,INCOMING,https://www.linkedin.com/in/leila-grimaldi-demo,https://www.linkedin.com/in/sam-rivera-demo
Sam Rivera,Nadia Lindqvist,"10/23/18, 12:00 AM",,OUTGOING,https://www.linkedin.com/in/sam-rivera-demo,https://www.linkedin.com/in/nadia-lindqvist-demo
Sam Rivera,Farah Petrov,"7/11/23, 12:00 AM",,OUTGOING,https://www.linkedin.com/in/sam-rivera-demo,https://www.linkedin.com/in/farah-petrov-demo
Sam Rivera,Jordan Moreau,"8/11/23, 12:00 AM","Hi, I just applied for the CS Lead role and wanted to put a face to the name.",OUTGOING,https://www.linkedin.com/in/sam-rivera-demo,https://www.linkedin.com/in/jordan-moreau-demo
Sam Rivera,Aisha Abernathy,"10/14/25, 12:00 AM","Hi, I just applied for the CS Lead role and wanted to put a face to the name.",OUTGOING,https://www.linkedin.com/in/sam-rivera-demo,https://www.linkedin.com/in/aisha-abernathy-demo
Sam Rivera,Sanaa Sallow,"4/24/25, 12:00 AM",,OUTGOING,https://www.linkedin.com/in/sam-rivera-demo,https://www.linkedin.com/in/sanaa-sallow-demo
Rafael Lindqvist,Sam Rivera,"4/8/24, 12:00 AM",,INCOMING,https://www.linkedin.com/in/rafael-lindqvist-demo,https://www.linkedin.com/in/sam-rivera-demo
Dev Kowalski,Sam Rivera,"3/20/24, 12:00 AM",,INCOMING,https://www.linkedin.com/in/dev-kowalski-demo,https://www.linkedin.com/in/sam-rivera-demo
Rowan Tanaka,Sam Rivera,"6/29/23, 12:00 AM","Enjoyed your talk, would love to connect.",INCOMING,https://www.linkedin.com/in/rowan-tanaka-demo,https://www.linkedin.com/in/sam-rivera-demo
Rowan Ferreira,Sam Rivera,"7/10/21, 12:00 AM",,INCOMING,https://www.linkedin.com/in/rowan-ferreira-demo,https://www.linkedin.com/in/sam-rivera-demo
Jonas Grimaldi,Sam Rivera,"11/9/20, 12:00 AM",,INCOMING,https://www.linkedin.com/in/jonas-grimaldi-demo,https://www.linkedin.com/in/sam-rivera-demo
Sam Rivera,Yuki Sallow,"12/16/23, 12:00 AM",,OUTGOING,https://www.linkedin.com/in/sam-rivera-demo,https://www.linkedin.com/in/yuki-sallow-demo
Sam Rivera,Nia Eriksen,"12/17/24, 12:00 AM","Hi, I just applied for the CS Lead role and wanted to put a face to the name.",OUTGOING,https://www.linkedin.com/in/sam-rivera-demo,https://www.linkedin.com/in/nia-eriksen-demo
